dimension,birth,death
-1.2000000000000002,inf,0.0
-1.0,0.5,0.0
-1.0,0.5,0.0
-1.0,0.5,0.0
-1.0,0.5,0.0
-1.0,0.5000000000000001,0.0
-1.0,0.5000000000000001,0.0
-1.0,0.5,0.0
-1.0,0.5,0.0
-1.0,0.5,0.0
-1.0,0.43333333333333335,0.0
-1.0999999999999996,0.3333333333333335,0.0
-1.0,0.4285714285714286,0.0
-1.0,0.4285714285714286,0.0
-1.0,0.4285714285714286,0.0
-1.0,0.41666666666666674,0.0
-1.0,0.41666666666666674,0.0
-1.1666666666666665,0.23333333333333361,0.0
-1.0,0.40000000000000013,0.0
-1.0,0.392857142857143,0.0
-1.0,0.375,0.0
-1.0,0.375,0.0
-1.0,0.375,0.0
-1.0,0.375,0.0
-1.0,0.375,0.0
-1.0,0.3571428571428572,0.0
-1.0,0.3571428571428572,0.0
-1.0,0.3571428571428572,0.0
-1.0,0.3500000000000001,0.0
-1.0,0.3500000000000001,0.0
-1.0,0.33333333333333337,0.0
-1.0,0.33333333333333337,0.0
-1.0,0.30000000000000004,0.0
-1.0,0.30000000000000004,0.0
-1.1,0.16666666666666685,0.0
-1.1666666666666665,0.08333333333333337,0.0
-1.0,0.25,0.0
-1.0,0.2500000000000001,0.0
-1.0,0.2500000000000001,0.0
-1.0,0.2500000000000001,0.0
-1.0,0.25,0.0
-1.0,0.25,0.0
-1.0,0.25,0.0
-1.0,0.25,0.0
-1.0,0.25,0.0
-1.0,0.21428571428571452,0.0
-1.0,0.20000000000000007,0.0
-1.0,0.20000000000000007,0.0
-1.0,0.19999999999999996,0.0
-1.0,0.19999999999999996,0.0
-1.0,0.19999999999999996,0.0
-1.0,0.19999999999999996,0.0
-1.0,0.19999999999999996,0.0
-1.0,0.19999999999999996,0.0
-1.0,0.19999999999999996,0.0
-1.1,0.08333333333333337,0.0
-1.0999999999999996,0.08333333333333348,0.0
-1.1,0.06666666666666687,0.0
-1.0,0.16666666666666685,0.0
-1.0,0.16666666666666674,0.0
-1.0,0.16666666666666674,0.0
-1.0,0.16666666666666674,0.0
-1.0,0.16666666666666674,0.0
-1.0,0.16666666666666674,0.0
-1.0,0.16666666666666674,0.0
-1.0,0.15000000000000002,0.0
-1.0,0.14285714285714302,0.0
-1.0,0.14285714285714268,0.0
-1.0,0.13333333333333341,0.0
-1.0,0.125,0.0
-1.0,0.125,0.0
-1.0,0.10714285714285743,0.0
-1.0,0.10000000000000009,0.0
-1.0,0.10000000000000009,0.0
-1.0,0.10000000000000009,0.0
-1.0,0.09999999999999987,0.0
-1.0,0.08333333333333348,0.0
-1.0,0.08333333333333348,0.0
-1.0,0.08333333333333348,0.0
-1.0,0.08333333333333348,0.0
-1.0,0.08333333333333348,0.0
-1.0,0.08333333333333337,0.0
-1.0,0.08333333333333337,0.0
-1.0,0.08333333333333326,0.0
-1.0,0.0666666666666671,0.0
-1.0,0.06666666666666687,0.0
-1.0,0.057142857142857384,0.0
-1.0,0.050000000000000044,0.0
-1.0,0.03333333333333355,0.0
-1.0000000000000004,1.1102230246251565e-16,0.0
-1.0,3.3306690738754696e-16,0.0
-1.0,2.220446049250313e-16,0.0
-1.0,2.220446049250313e-16,0.0
-1.0,2.220446049250313e-16,0.0
-1.0,2.220446049250313e-16,0.0
-1.0,2.220446049250313e-16,0.0
-1.0,0.0,0.0
-1.0,0.0,0.0
-1.0,0.0,0.0
-1.0,0.0,0.0
-1.0,1.1102230246251565e-16,0.0
-1.0,1.1102230246251565e-16,0.0
-1.0,0.0,0.0
-1.0,0.0,0.0
-1.0,0.0,0.0
-1.0,0.0,0.0
-1.0,0.0,0.0
-1.0,0.0,0.0
-1.0,0.0,0.0
-1.0,0.0,0.0
-1.0,0.0,0.0
-1.0,0.0,0.0
-1.0,0.0,0.0
-1.0,0.0,0.0
-1.0,0.0,0.0
-1.0,0.0,0.0
-1.0,0.0,0.0
-1.0,0.0,0.0
-1.0,0.0,0.0
-1.0,0.0,0.0
-1.0,0.0,0.0
-1.0,0.0,0.0
-1.0,-0.023809523809523725,0.0
-1.0,-0.02857142857142847,0.0
-1.0,-0.03333333333333299,0.0
-1.0,-0.03333333333333299,0.0
-1.0,-0.033333333333333215,0.0
-1.0,-0.033333333333333215,0.0
-1.0,-0.033333333333333215,0.0
-1.1,-0.1333333333333333,0.0
-1.0,-0.033333333333333215,0.0
-1.0,-0.033333333333333215,0.0
-1.0,-0.033333333333333215,0.0
-1.0,-0.033333333333333215,0.0
-1.0999999999999996,-0.13333333333333308,0.0
-1.0,-0.03571428571428559,0.0
-1.0,-0.03571428571428559,0.0
-1.0,-0.03571428571428559,0.0
-1.0,-0.03571428571428559,0.0
-1.0,-0.04166666666666652,0.0
-1.0,-0.04166666666666652,0.0
-1.1,-0.1428571428571428,0.0
-1.0999999999999996,-0.1428571428571428,0.0
-1.0,-0.05714285714285694,0.0
-1.0,-0.05714285714285694,0.0
-1.0,-0.07142857142857117,0.0
-1.0,-0.07499999999999996,0.0
-1.1,-0.17857142857142838,0.0
-1.0,-0.08333333333333304,0.0
-1.0,-0.09999999999999987,0.0
-1.0,-0.10000000000000009,0.0
-1.0,-0.125,0.0
-1.0666666666666664,-0.20000000000000018,0.0
-1.0,-0.14285714285714235,0.0
-1.0,-0.14285714285714257,0.0
-1.0,-0.14285714285714257,0.0
-1.0,-0.1428571428571428,0.0
-1.0,-0.1499999999999999,0.0
-1.0,-0.1499999999999999,0.0
-1.0,-0.1499999999999999,0.0
-1.0,-0.1499999999999999,0.0
-1.0,-0.1499999999999999,0.0
-1.0,-0.1499999999999999,0.0
-1.0,-0.1499999999999999,0.0
-1.0,-0.1499999999999999,0.0
-1.0,-0.16666666666666652,0.0
-1.0,-0.16666666666666652,0.0
-1.0,-0.16666666666666652,0.0
-1.0,-0.16666666666666652,0.0
-1.0,-0.16666666666666652,0.0
-1.0,-0.16666666666666652,0.0
-1.0,-0.16666666666666652,0.0
-1.0,-0.16666666666666652,0.0
-1.0,-0.16666666666666652,0.0
-1.0,-0.16666666666666652,0.0
-1.0,-0.16666666666666652,0.0
-1.0,-0.16666666666666652,0.0
-1.0,-0.16666666666666652,0.0
-1.0,-0.16666666666666652,0.0
-1.0,-0.16666666666666652,0.0
-1.0,-0.16666666666666652,0.0
-1.0,-0.16666666666666674,0.0
-1.0,-0.19999999999999973,0.0
-1.0,-0.19999999999999973,0.0
-1.0,-0.19999999999999973,0.0
-1.0,-0.19999999999999973,0.0
-1.0,-0.19999999999999973,0.0
-1.0,-0.19999999999999973,0.0
-1.0,-0.19999999999999973,0.0
-1.0,-0.19999999999999973,0.0
-1.0,-0.19999999999999973,0.0
-1.0,-0.19999999999999996,0.0
-1.0,-0.19999999999999996,0.0
-1.0,-0.19999999999999996,0.0
-1.0,-0.19999999999999996,0.0
-1.0,-0.19999999999999996,0.0
-1.0,-0.19999999999999996,0.0
-1.0,-0.19999999999999996,0.0
-1.0,-0.19999999999999996,0.0
-1.0,-0.20000000000000018,0.0
-1.0,-0.20000000000000018,0.0
-1.0,-0.20000000000000018,0.0
-1.0,-0.2142857142857142,0.0
-1.0,-0.22857142857142843,0.0
-1.0,-0.24999999999999978,0.0
-1.0,-0.24999999999999978,0.0
-1.0,-0.24999999999999978,0.0
-1.0,-0.24999999999999978,0.0
-1.0,-0.24999999999999978,0.0
-1.0,-0.24999999999999978,0.0
-1.0,-0.24999999999999978,0.0
-1.0,-0.25,0.0
-1.0,-0.25,0.0
-1.0,-0.25,0.0
-1.0,-0.25,0.0
-1.0,-0.25,0.0
-1.0,-0.25,0.0
-1.0,-0.25,0.0
-1.0,-0.25,0.0
-1.0,-0.25,0.0
-1.0,-0.25,0.0
-1.0,-0.25,0.0
-1.0,-0.25,0.0
-1.0,-0.25,0.0
-1.0,-0.25,0.0
-1.0,-0.25,0.0
-1.0,-0.25,0.0
-1.0,-0.25,0.0
-1.0,-0.25,0.0
-1.0,-0.25,0.0
-1.0,-0.25,0.0
-1.0,-0.25,0.0
-1.0,-0.25,0.0
-1.0,-0.25,0.0
-1.0,-0.25,0.0
-1.0,-0.25,0.0
-1.0,-0.25,0.0
-1.0,-0.25,0.0
-1.0,-0.25,0.0
-1.0,-0.25,0.0
-1.0,-0.25,0.0
-1.0,-0.25,0.0
-1.0,-0.25,0.0
-1.0,-0.25,0.0
-1.0,-0.25,0.0
-1.0,-0.25,0.0
-1.0,-0.25,0.0
-1.0,-0.2500000000000002,0.0
-1.0,-0.26190476190476186,0.0
-1.0,-0.2666666666666666,0.0
-1.0666666666666664,-0.33333333333333326,0.0
-1.0,-0.28571428571428537,0.0
-1.0,-0.2857142857142856,0.0
-1.0,-0.2857142857142856,0.0
-1.0,-0.2857142857142858,0.0
-1.0,-0.2857142857142858,0.0
-1.0,-0.3214285714285712,0.0
-1.0,-0.33333333333333304,0.0
-1.0,-0.33333333333333304,0.0
-1.0,-0.33333333333333326,0.0
-1.0,-0.33333333333333326,0.0
-1.0,-0.33333333333333326,0.0
-1.0,-0.33333333333333326,0.0
-1.0,-0.33333333333333326,0.0
-1.0,-0.3333333333333335,0.0
-1.0,-0.34285714285714275,0.0
-1.0,-0.34285714285714297,0.0
-1.0,-0.3666666666666669,0.0
-1.0,-0.39285714285714257,0.0
-1.0,-0.3928571428571428,0.0
-1.0,-0.3999999999999999,0.0
-1.0,-0.3999999999999999,0.0
-1.0,-0.3999999999999999,0.0
-1.0,-0.3999999999999999,0.0
-1.0,-0.3999999999999999,0.0
-1.0,-0.3999999999999999,0.0
-1.0,-0.3999999999999999,0.0
-1.0,-0.3999999999999999,0.0
-1.0,-0.3999999999999999,0.0
-1.0,-0.3999999999999999,0.0
-1.0,-0.3999999999999999,0.0
-1.0,-0.3999999999999999,0.0
-1.0,-0.3999999999999999,0.0
-1.0,-0.3999999999999999,0.0
-1.0,-0.3999999999999999,0.0
-1.0,-0.40000000000000013,0.0
-1.0,-0.40000000000000013,0.0
-1.0,-0.40000000000000013,0.0
-1.0,-0.40000000000000013,0.0
-1.0,-0.40000000000000013,0.0
-1.0,-0.40000000000000013,0.0
-1.0,-0.40000000000000013,0.0
-1.0,-0.40000000000000036,0.0
-1.0,-0.4166666666666665,0.0
-1.0,-0.4166666666666665,0.0
-1.0,-0.4166666666666665,0.0
-1.0,-0.4166666666666665,0.0
-1.0,-0.4166666666666665,0.0
-1.0,-0.4166666666666665,0.0
-1.0,-0.42857142857142794,0.0
-1.0,-0.4285714285714284,0.0
-1.0,-0.4285714285714284,0.0
-1.0,-0.4285714285714284,0.0
-1.0,-0.4285714285714284,0.0
-1.0,-0.4285714285714286,0.0
-1.0,-0.4285714285714288,0.0
-1.0,-0.44999999999999973,0.0
-1.0,-0.44999999999999996,0.0
-1.0,-0.44999999999999996,0.0
-1.0,-0.44999999999999996,0.0
-1.0,-0.44999999999999996,0.0
-1.0,-0.4500000000000002,0.0
-1.0,-0.4500000000000002,0.0
-1.0,-0.4500000000000002,0.0
-1.0,-0.45238095238095166,0.0
-1.0,-0.4523809523809519,0.0
-1.0,-0.45238095238095233,0.0
-1.0,-0.47619047619047583,0.0
-1.0,-0.49999999999999956,0.0
-1.0,-0.49999999999999956,0.0
-1.0,-0.4999999999999998,0.0
-1.0,-0.4999999999999998,0.0
-1.0,-0.5,0.0
-1.0,-0.5,0.0
-1.0,-0.5,0.0
-1.0,-0.5,0.0
-1.0,-0.5,0.0
-1.0,-0.5333333333333332,0.0
-1.0,-0.5333333333333332,0.0
-1.0,-0.5357142857142856,0.0
-1.0,-0.5666666666666664,0.0
-1.0,-0.5666666666666664,0.0
-1.0,-0.5666666666666664,0.0
-1.0,-0.5666666666666664,0.0
-1.0,-0.5666666666666664,0.0
-1.0,-0.5666666666666664,0.0
-1.0,-0.5666666666666667,0.0
-1.0,-0.5666666666666667,0.0
-1.0,-0.5714285714285714,0.0
-1.0,-0.583333333333333,0.0
-1.0,-0.583333333333333,0.0
-1.0,-0.583333333333333,0.0
-1.0,-0.5833333333333333,0.0
-1.0,-0.5833333333333333,0.0
-1.0,-0.5833333333333333,0.0
-1.0,-0.5833333333333333,0.0
-1.0,-0.6000000000000001,0.0
-1.0,-0.6000000000000001,0.0
-1.0,-0.6000000000000001,0.0
-1.0,-0.625,0.0
-1.0,-0.6499999999999997,0.0
-1.0,-0.6499999999999999,0.0
-1.0,-0.6499999999999999,0.0
-1.0,-0.6499999999999999,0.0
-1.0,-0.6500000000000001,0.0
-1.0,-0.6500000000000001,0.0
-1.0,-0.6666666666666665,0.0
-1.0,-0.6785714285714282,0.0
-1.0,-0.6999999999999997,0.0
-1.0,-0.7,0.0
-1.0,-0.7000000000000002,0.0
-1.0,-0.7333333333333332,0.0
-1.0,-0.7333333333333332,0.0
-1.0,-0.7333333333333332,0.0
-1.0,-0.7333333333333332,0.0
-1.0,-0.7333333333333334,0.0
-1.0,-0.7380952380952377,0.0
-1.0,-0.7499999999999998,0.0
-1.0,-0.75,0.0
-1.0,-0.7666666666666664,0.0
-1.0,-0.8,0.0
-1.0,-0.8000000000000003,0.0
-1.0,-0.833333333333333,0.0
-1.0,-0.8333333333333333,0.0
-1.0,-0.8333333333333333,0.0
-1.0,-0.8571428571428563,0.0
0.30000000000000004,inf,1.0
0.30000000000000004,inf,1.0
0.30000000000000004,inf,1.0
0.30000000000000004,inf,1.0
0.30000000000000004,inf,1.0
0.30000000000000004,inf,1.0
0.30952380952380953,inf,1.0
0.30952380952380987,inf,1.0
0.3142857142857143,inf,1.0
0.3142857142857144,inf,1.0
0.3142857142857145,inf,1.0
0.3142857142857145,inf,1.0
0.3142857142857145,inf,1.0
0.33333333333333337,inf,1.0
0.33333333333333337,inf,1.0
0.33333333333333337,inf,1.0
0.33333333333333337,inf,1.0
0.3333333333333335,inf,1.0
0.3333333333333335,inf,1.0
0.3333333333333335,inf,1.0
0.3333333333333335,inf,1.0
0.3333333333333335,inf,1.0
0.3333333333333335,inf,1.0
0.3333333333333335,inf,1.0
0.34999999999999987,inf,1.0
0.35,inf,1.0
0.35,inf,1.0
0.35,inf,1.0
0.35,inf,1.0
0.3500000000000001,inf,1.0
0.3500000000000001,inf,1.0
0.3500000000000001,inf,1.0
0.3500000000000001,inf,1.0
0.3500000000000001,inf,1.0
0.3500000000000001,inf,1.0
0.3500000000000001,inf,1.0
0.3500000000000001,inf,1.0
0.3571428571428572,inf,1.0
0.3571428571428572,inf,1.0
0.3666666666666667,inf,1.0
0.3666666666666667,inf,1.0
0.3666666666666667,inf,1.0
0.3666666666666667,inf,1.0
0.3666666666666668,inf,1.0
0.3666666666666668,inf,1.0
0.3666666666666668,inf,1.0
0.3666666666666668,inf,1.0
0.3666666666666669,inf,1.0
0.3666666666666669,inf,1.0
0.3666666666666669,inf,1.0
0.3666666666666669,inf,1.0
0.3666666666666669,inf,1.0
0.37142857142857155,inf,1.0
0.38095238095238115,inf,1.0
0.3928571428571429,inf,1.0
0.3999999999999999,inf,1.0
0.3999999999999999,inf,1.0
0.3999999999999999,inf,1.0
0.3999999999999999,inf,1.0
0.3999999999999999,inf,1.0
0.3999999999999999,inf,1.0
0.3999999999999999,inf,1.0
0.3999999999999999,inf,1.0
0.3999999999999999,inf,1.0
0.3999999999999999,inf,1.0
0.3999999999999999,inf,1.0
0.3999999999999999,inf,1.0
0.4,inf,1.0
0.4,inf,1.0
0.4,inf,1.0
0.4,inf,1.0
0.4,inf,1.0
0.4,inf,1.0
0.4,inf,1.0
0.40000000000000013,inf,1.0
0.40000000000000013,inf,1.0
0.40000000000000013,inf,1.0
0.40000000000000013,inf,1.0
0.40000000000000013,inf,1.0
0.40000000000000013,inf,1.0
0.40000000000000024,inf,1.0
0.40000000000000024,inf,1.0
0.40000000000000024,inf,1.0
0.41666666666666674,inf,1.0
0.41666666666666674,inf,1.0
0.41666666666666674,inf,1.0
0.41666666666666674,inf,1.0
0.41666666666666674,inf,1.0
0.41666666666666685,inf,1.0
0.4285714285714286,inf,1.0
0.4285714285714286,inf,1.0
0.4285714285714286,inf,1.0
0.4285714285714286,inf,1.0
0.4285714285714286,inf,1.0
0.4285714285714286,inf,1.0
0.4285714285714286,inf,1.0
0.4285714285714286,inf,1.0
0.4285714285714286,inf,1.0
0.4285714285714286,inf,1.0
0.4285714285714286,inf,1.0
0.4285714285714286,inf,1.0
0.4285714285714287,inf,1.0
0.4285714285714287,inf,1.0
0.4285714285714287,inf,1.0
0.4285714285714287,inf,1.0
0.43333333333333346,inf,1.0
0.43333333333333346,inf,1.0
0.4666666666666668,inf,1.0
0.4666666666666668,inf,1.0
0.4761904761904765,inf,1.0
0.48571428571428577,inf,1.0
0.5,inf,1.0
0.5,inf,1.0
0.5,inf,1.0
0.5,inf,1.0
0.5,inf,1.0
0.5,inf,1.0
0.5,inf,1.0
0.5,inf,1.0
0.5,inf,1.0
0.33333333333333326,inf,1.0
0.5,inf,1.0
0.5,inf,1.0
0.5,inf,1.0
0.5,inf,1.0
0.5,inf,1.0
0.5,inf,1.0
0.5,inf,1.0
0.5,inf,1.0
0.5,inf,1.0
0.5,inf,1.0
0.5,inf,1.0
0.5,inf,1.0
0.5,inf,1.0
0.5,inf,1.0
0.5,inf,1.0
0.5,inf,1.0
0.5,inf,1.0
0.5,inf,1.0
0.5,inf,1.0
0.5,inf,1.0
0.5,inf,1.0
0.5,inf,1.0
0.5,inf,1.0
0.5,inf,1.0
0.5,inf,1.0
0.5,inf,1.0
0.5,inf,1.0
0.5,inf,1.0
0.5,inf,1.0
0.5,inf,1.0
0.5,inf,1.0
0.5,inf,1.0
0.5,inf,1.0
0.5,inf,1.0
0.5,inf,1.0
0.5,inf,1.0
0.5,inf,1.0
0.5,inf,1.0
0.5,inf,1.0
0.5,inf,1.0
0.5,inf,1.0
0.5,inf,1.0
0.5,inf,1.0
0.5,inf,1.0
0.5,inf,1.0
0.5,inf,1.0
0.5,inf,1.0
0.5,inf,1.0
0.5,inf,1.0
0.5,inf,1.0
0.5,inf,1.0
0.5,inf,1.0
0.5,inf,1.0
0.5,inf,1.0
0.5,inf,1.0
0.5,inf,1.0
0.5,inf,1.0
0.5,inf,1.0
0.5,inf,1.0
0.5,inf,1.0
0.5,inf,1.0
0.5,inf,1.0
0.5,inf,1.0
0.5,inf,1.0
0.5000000000000001,inf,1.0
0.5000000000000001,inf,1.0
0.5000000000000001,inf,1.0
0.5000000000000001,inf,1.0
0.5000000000000001,inf,1.0
0.5000000000000001,inf,1.0
0.5000000000000001,inf,1.0
0.5000000000000001,inf,1.0
0.5000000000000001,inf,1.0
0.5238095238095237,inf,1.0
0.5357142857142858,inf,1.0
0.5357142857142858,inf,1.0
0.5357142857142858,inf,1.0
0.5428571428571428,inf,1.0
0.5428571428571428,inf,1.0
0.5428571428571429,inf,1.0
0.5428571428571429,inf,1.0
0.5428571428571429,inf,1.0
0.5428571428571429,inf,1.0
0.5714285714285714,inf,1.0
0.5714285714285714,inf,1.0
0.5714285714285715,inf,1.0
0.5714285714285715,inf,1.0
0.6,inf,1.0
0.6,inf,1.0
0.6,inf,1.0
0.6,inf,1.0
0.6,inf,1.0
0.6,inf,1.0
0.6,inf,1.0
0.6,inf,1.0
0.6,inf,1.0
0.6,inf,1.0
0.6,inf,1.0
0.6,inf,1.0
0.6,inf,1.0
0.6,inf,1.0
0.6,inf,1.0
0.6,inf,1.0
0.6,inf,1.0
0.6,inf,1.0
0.6,inf,1.0
0.6,inf,1.0
0.6,inf,1.0
0.6,inf,1.0
0.6,inf,1.0
0.6,inf,1.0
0.6,inf,1.0
0.6,inf,1.0
0.6,inf,1.0
0.6,inf,1.0
0.6,inf,1.0
0.6,inf,1.0
0.6,inf,1.0
0.6,inf,1.0
0.6,inf,1.0
0.6,inf,1.0
0.6,inf,1.0
0.6,inf,1.0
0.6,inf,1.0
0.6,inf,1.0
0.6000000000000001,inf,1.0
0.6000000000000001,inf,1.0
0.6000000000000001,inf,1.0
0.6000000000000001,inf,1.0
0.6000000000000001,inf,1.0
0.6000000000000001,inf,1.0
0.6000000000000001,inf,1.0
0.6000000000000001,inf,1.0
0.6000000000000001,inf,1.0
0.6000000000000001,inf,1.0
0.6000000000000001,inf,1.0
0.6000000000000001,inf,1.0
0.6000000000000001,inf,1.0
0.6000000000000001,inf,1.0
0.6000000000000001,inf,1.0
0.6000000000000001,inf,1.0
0.6000000000000001,inf,1.0
0.6000000000000001,inf,1.0
0.6000000000000001,inf,1.0
0.6000000000000001,inf,1.0
0.6000000000000001,inf,1.0
0.6000000000000001,inf,1.0
0.6000000000000001,inf,1.0
0.6000000000000001,inf,1.0
0.6000000000000001,inf,1.0
0.6000000000000001,inf,1.0
0.6000000000000001,inf,1.0
0.6000000000000001,inf,1.0
0.6000000000000001,inf,1.0
0.6000000000000001,inf,1.0
0.6000000000000001,inf,1.0
0.6000000000000001,inf,1.0
0.6000000000000001,inf,1.0
0.6000000000000001,inf,1.0
0.6000000000000001,inf,1.0
0.6000000000000001,inf,1.0
0.6000000000000001,inf,1.0
0.6000000000000001,inf,1.0
0.6000000000000001,inf,1.0
0.6000000000000001,inf,1.0
0.6000000000000001,inf,1.0
0.6000000000000001,inf,1.0
0.6000000000000001,inf,1.0
0.6000000000000001,inf,1.0
0.6000000000000001,inf,1.0
0.6000000000000001,inf,1.0
0.6000000000000001,inf,1.0
0.6000000000000001,inf,1.0
0.6000000000000001,inf,1.0
0.6000000000000001,inf,1.0
0.6000000000000001,inf,1.0
0.6000000000000001,inf,1.0
0.625,inf,1.0
0.6250000000000001,inf,1.0
0.6250000000000001,inf,1.0
0.6666666666666667,inf,1.0
0.6666666666666667,inf,1.0
0.6666666666666667,inf,1.0
0.6666666666666667,inf,1.0
0.6666666666666667,inf,1.0
0.6666666666666667,inf,1.0
0.6666666666666667,inf,1.0
0.6666666666666667,inf,1.0
0.6666666666666667,inf,1.0
0.6666666666666667,inf,1.0
0.6666666666666667,inf,1.0
0.6666666666666667,inf,1.0
0.6666666666666667,inf,1.0
0.6666666666666667,inf,1.0
0.6666666666666667,inf,1.0
0.6666666666666667,inf,1.0
0.6666666666666667,inf,1.0
0.6666666666666667,inf,1.0
0.6666666666666667,inf,1.0
0.6666666666666667,inf,1.0
0.6666666666666667,inf,1.0
0.6666666666666667,inf,1.0
0.6666666666666667,inf,1.0
0.6666666666666667,inf,1.0
0.6666666666666667,inf,1.0
0.7142857142857143,inf,1.0
0.7142857142857143,inf,1.0
0.7142857142857143,inf,1.0
0.7142857142857143,inf,1.0
0.7142857142857144,inf,1.0
0.7142857142857144,inf,1.0
0.7142857142857144,inf,1.0
0.7142857142857144,inf,1.0
0.75,inf,1.0
0.75,inf,1.0
0.75,inf,1.0
0.75,inf,1.0
0.75,inf,1.0
0.75,inf,1.0
0.75,inf,1.0
0.75,inf,1.0
0.75,inf,1.0
0.75,inf,1.0
0.75,inf,1.0
0.75,inf,1.0
0.75,inf,1.0
0.75,inf,1.0
0.75,inf,1.0
0.75,inf,1.0
0.75,inf,1.0
0.75,inf,1.0
0.75,inf,1.0
0.75,inf,1.0
0.75,inf,1.0
0.75,inf,1.0
0.75,inf,1.0
0.75,inf,1.0
0.75,inf,1.0
0.75,inf,1.0
0.75,inf,1.0
0.75,inf,1.0
0.19999999999999996,inf,1.0
0.75,inf,1.0
0.8,inf,1.0
0.8,inf,1.0
0.8,inf,1.0
0.8,inf,1.0
0.8,inf,1.0
0.8333333333333334,inf,1.0
0.8333333333333334,inf,1.0
0.8333333333333334,inf,1.0
0.8333333333333334,inf,1.0
0.8333333333333334,inf,1.0
0.8333333333333334,inf,1.0
0.8571428571428572,inf,1.0
-0.4166666666666665,inf,1.0
-0.33333333333333326,inf,1.0
-0.2857142857142856,inf,1.0
-0.2857142857142856,inf,1.0
-0.2857142857142856,inf,1.0
-0.24999999999999956,inf,1.0
-0.19999999999999996,inf,1.0
-0.19999999999999996,inf,1.0
-0.19999999999999996,inf,1.0
-0.19999999999999973,inf,1.0
-0.19999999999999973,inf,1.0
-0.16666666666666652,inf,1.0
-0.16666666666666652,inf,1.0
-0.16666666666666652,inf,1.0
-0.16666666666666652,inf,1.0
-0.16666666666666652,inf,1.0
-0.1666666666666663,inf,1.0
-0.08333333333333326,inf,1.0
-0.05714285714285716,inf,1.0
-0.03571428571428559,inf,1.0
-0.03571428571428559,inf,1.0
-0.033333333333333215,inf,1.0
-0.033333333333333215,inf,1.0
0.0,inf,1.0
0.0,inf,1.0
0.0,inf,1.0
0.0,inf,1.0
0.0,inf,1.0
0.0,inf,1.0
0.0,inf,1.0
0.0,inf,1.0
0.0,inf,1.0
0.0,inf,1.0
0.0,inf,1.0
0.0,inf,1.0
0.0,inf,1.0
1.1102230246251565e-16,inf,1.0
1.1102230246251565e-16,inf,1.0
1.1102230246251565e-16,inf,1.0
1.1102230246251565e-16,inf,1.0
1.1102230246251565e-16,inf,1.0
1.1102230246251565e-16,inf,1.0
1.1102230246251565e-16,inf,1.0
2.220446049250313e-16,inf,1.0
2.220446049250313e-16,inf,1.0
2.220446049250313e-16,inf,1.0
2.220446049250313e-16,inf,1.0
2.220446049250313e-16,inf,1.0
3.3306690738754696e-16,inf,1.0
3.3306690738754696e-16,inf,1.0
4.440892098500626e-16,inf,1.0
4.440892098500626e-16,inf,1.0
0.023809523809523725,inf,1.0
0.023809523809523947,inf,1.0
0.023809523809523947,inf,1.0
0.033333333333333215,inf,1.0
0.03333333333333366,inf,1.0
0.050000000000000044,inf,1.0
0.057142857142857384,inf,1.0
0.057142857142857384,inf,1.0
0.07142857142857151,inf,1.0
0.07142857142857162,inf,1.0
0.08333333333333337,inf,1.0
0.08333333333333337,inf,1.0
0.08333333333333337,inf,1.0
0.08333333333333348,inf,1.0
0.08333333333333348,inf,1.0
0.08333333333333348,inf,1.0
0.08333333333333348,inf,1.0
0.08333333333333348,inf,1.0
0.08333333333333348,inf,1.0
0.08333333333333348,inf,1.0
0.1000000000000002,inf,1.0
0.1071428571428572,inf,1.0
0.11428571428571432,inf,1.0
0.125,inf,1.0
0.1428571428571428,inf,1.0
0.14285714285714302,inf,1.0
0.14285714285714313,inf,1.0
0.15000000000000002,inf,1.0
0.15000000000000013,inf,1.0
0.15000000000000013,inf,1.0
0.16666666666666663,inf,1.0
0.16666666666666663,inf,1.0
0.16666666666666674,inf,1.0
0.16666666666666674,inf,1.0
0.16666666666666674,inf,1.0
0.16666666666666674,inf,1.0
0.16666666666666674,inf,1.0
0.16666666666666674,inf,1.0
0.16666666666666674,inf,1.0
0.16666666666666674,inf,1.0
0.16666666666666674,inf,1.0
0.16666666666666674,inf,1.0
0.16666666666666674,inf,1.0
0.16666666666666674,inf,1.0
0.16666666666666674,inf,1.0
0.16666666666666685,inf,1.0
0.16666666666666685,inf,1.0
0.16666666666666685,inf,1.0
0.16666666666666685,inf,1.0
0.16666666666666685,inf,1.0
0.16666666666666685,inf,1.0
0.16666666666666685,inf,1.0
0.16666666666666685,inf,1.0
0.1714285714285717,inf,1.0
0.6000000000000001,inf,1.0
0.19999999999999996,inf,1.0
0.19999999999999996,inf,1.0
0.19999999999999996,inf,1.0
0.19999999999999996,inf,1.0
0.19999999999999996,inf,1.0
0.19999999999999996,inf,1.0
0.19999999999999996,inf,1.0
0.19999999999999996,inf,1.0
0.19999999999999996,inf,1.0
0.19999999999999996,inf,1.0
0.19999999999999996,inf,1.0
0.19999999999999996,inf,1.0
0.19999999999999996,inf,1.0
0.19999999999999996,inf,1.0
0.19999999999999996,inf,1.0
0.19999999999999996,inf,1.0
0.20000000000000007,inf,1.0
0.20000000000000007,inf,1.0
0.20000000000000007,inf,1.0
0.20000000000000007,inf,1.0
0.20000000000000018,inf,1.0
0.20000000000000018,inf,1.0
0.20000000000000018,inf,1.0
0.20000000000000018,inf,1.0
0.20000000000000018,inf,1.0
0.20833333333333348,inf,1.0
0.20833333333333348,inf,1.0
0.2142857142857142,inf,1.0
0.2142857142857144,inf,1.0
0.2250000000000001,inf,1.0
0.2250000000000001,inf,1.0
0.2333333333333334,inf,1.0
0.2333333333333335,inf,1.0
0.23333333333333361,inf,1.0
0.23333333333333361,inf,1.0
0.23809523809523803,inf,1.0
0.23809523809523814,inf,1.0
0.25,inf,1.0
0.25,inf,1.0
0.25,inf,1.0
0.25,inf,1.0
0.25,inf,1.0
0.25,inf,1.0
0.25,inf,1.0
0.25,inf,1.0
0.25,inf,1.0
0.25,inf,1.0
0.25,inf,1.0
0.25,inf,1.0
0.25,inf,1.0
0.25,inf,1.0
0.25,inf,1.0
0.25,inf,1.0
0.25,inf,1.0
0.25,inf,1.0
0.25,inf,1.0
0.25,inf,1.0
0.25,inf,1.0
0.25,inf,1.0
0.25,inf,1.0
0.25,inf,1.0
0.25,inf,1.0
0.25,inf,1.0
0.25,inf,1.0
0.25,inf,1.0
0.25,inf,1.0
0.25,inf,1.0
0.25,inf,1.0
0.25,inf,1.0
0.25,inf,1.0
0.25,inf,1.0
0.25,inf,1.0
0.25,inf,1.0
0.25,inf,1.0
0.25,inf,1.0
0.2500000000000001,inf,1.0
0.2500000000000001,inf,1.0
0.2500000000000001,inf,1.0
0.2500000000000001,inf,1.0
0.2500000000000001,inf,1.0
0.2500000000000001,inf,1.0
0.2500000000000001,inf,1.0
0.2500000000000001,inf,1.0
0.2500000000000002,inf,1.0
0.2500000000000002,inf,1.0
0.2500000000000002,inf,1.0
0.2571428571428571,inf,1.0
0.25714285714285734,inf,1.0
0.25714285714285734,inf,1.0
0.2666666666666667,inf,1.0
0.27500000000000013,inf,1.0
0.2857142857142858,inf,1.0
0.2857142857142858,inf,1.0
0.2857142857142858,inf,1.0
0.30000000000000004,inf,1.0
0.30000000000000004,inf,1.0
0.30000000000000004,inf,1.0
0.30000000000000004,inf,1.0
0.30000000000000004,inf,1.0
0.30000000000000004,inf,1.0
0.30000000000000004,inf,1.0
0.30000000000000004,inf,1.0
0.30000000000000004,inf,1.0
0.30000000000000004,inf,1.0
0.30000000000000004,inf,1.0
0.30000000000000004,inf,1.0
